{"initial_reset_timestamp": 1537886237.1508968, "timestamps": [1537886246.558856, 1537886257.844213, 1537886258.08631, 1537886258.147105, 1537886258.208616, 1537886258.279088, 1537886258.34361, 1537886258.4077282, 1537886267.745785, 1537886267.979577, 1537886268.0415099, 1537886268.102273, 1537886268.162271, 1537886268.2232451, 1537886268.283766, 1537886268.3445718, 1537886268.406083, 1537886268.4692638, 1537886268.5306041, 1537886268.591875, 1537886268.652132, 1537886268.7139368, 1537886268.775702, 1537886268.836492, 1537886268.89831, 1537886268.958941, 1537886269.019853, 1537886278.0502028, 1537886278.29113, 1537886278.352926, 1537886278.4141471, 1537886278.476219, 1537886278.53738, 1537886278.598549, 1537886278.659959, 1537886278.721309, 1537886278.78305, 1537886278.844648, 1537886278.906722, 1537886278.968251, 1537886279.030139, 1537886279.09149, 1537886279.154597, 1537886279.216369, 1537886279.277805, 1537886279.339316, 1537886279.4003751, 1537886279.4627872, 1537886279.524478, 1537886279.586331, 1537886279.6479738, 1537886279.7096162, 1537886279.77168, 1537886279.834476, 1537886279.89788, 1537886279.9596531, 1537886280.0213382, 1537886280.083096, 1537886280.145014, 1537886280.206655, 1537886280.2738419, 1537886280.336718, 1537886280.398124, 1537886280.462541, 1537886291.4948921, 1537886291.73088, 1537886291.792347, 1537886291.8542578, 1537886291.9155378, 1537886291.976114, 1537886292.038265, 1537886292.099526, 1537886292.161543, 1537886292.2230039, 1537886292.284575, 1537886292.346302, 1537886292.4080389, 1537886292.4699478, 1537886292.532575, 1537886292.594947, 1537886292.656532, 1537886292.718933, 1537886292.781194, 1537886292.843395, 1537886292.905775, 1537886292.96795, 1537886293.03281, 1537886293.0980742, 1537886293.160685, 1537886293.221736, 1537886293.2825758, 1537886293.343947, 1537886293.404447, 1537886293.465266, 1537886293.526856, 1537886293.589611, 1537886293.650134, 1537886293.711023, 1537886293.772361, 1537886293.834075], "episode_lengths": [200, 200, 200, 200, 200, 200, 200, 200, 200, 200, 200, 200, 200, 200, 200, 200, 200, 200, 200, 200, 200, 200, 200, 200, 200, 200, 200, 200, 200, 200, 200, 200, 200, 200, 200, 200, 200, 200, 200, 200, 200, 200, 200, 200, 200, 200, 200, 200, 200, 200, 200, 200, 200, 200, 200, 200, 200, 200, 200, 200, 200, 200, 200, 200, 200, 200, 200, 200, 200, 200, 200, 200, 200, 200, 200, 200, 200, 200, 200, 200, 200, 200, 200, 200, 200, 200, 200, 200, 200, 200, 200, 200, 200, 200, 200, 200, 200, 200, 200, 200], "episode_rewards": [200.0, 200.0, 200.0, 200.0, 200.0, 200.0, 200.0, 200.0, 200.0, 200.0, 200.0, 200.0, 200.0, 200.0, 200.0, 200.0, 200.0, 200.0, 200.0, 200.0, 200.0, 200.0, 200.0, 200.0, 200.0, 200.0, 200.0, 200.0, 200.0, 200.0, 200.0, 200.0, 200.0, 200.0, 200.0, 200.0, 200.0, 200.0, 200.0, 200.0, 200.0, 200.0, 200.0, 200.0, 200.0, 200.0, 200.0, 200.0, 200.0, 200.0, 200.0, 200.0, 200.0, 200.0, 200.0, 200.0, 200.0, 200.0, 200.0, 200.0, 200.0, 200.0, 200.0, 200.0, 200.0, 200.0, 200.0, 200.0, 200.0, 200.0, 200.0, 200.0, 200.0, 200.0, 200.0, 200.0, 200.0, 200.0, 200.0, 200.0, 200.0, 200.0, 200.0, 200.0, 200.0, 200.0, 200.0, 200.0, 200.0, 200.0, 200.0, 200.0, 200.0, 200.0, 200.0, 200.0, 200.0, 200.0, 200.0, 200.0], "episode_types": ["t", "t", "t", "t", "t", "t", "t", "t", "t", "t", "t", "t", "t", "t", "t", "t", "t", "t", "t", "t", "t", "t", "t", "t", "t", "t", "t", "t", "t", "t", "t", "t", "t", "t", "t", "t", "t", "t", "t", "t", "t", "t", "t", "t", "t", "t", "t", "t", "t", "t", "t", "t", "t", "t", "t", "t", "t", "t", "t", "t", "t", "t", "t", "t", "t", "t", "t", "t", "t", "t", "t", "t", "t", "t", "t", "t", "t", "t", "t", "t", "t", "t", "t", "t", "t", "t", "t", "t", "t", "t", "t", "t", "t", "t", "t", "t", "t", "t", "t", "t"]}